{
    "$schema": "https://schema.management.azure.com/schemas/2015-01-01/deploymentParameters.json#",
    "contentVersion": "1.0.0.0",
    "parameters": {
        "replicationVaultSettings_default_migrationSolutionId": {
            "value": null
        },
        "virtualMachines_UKVM_name": {
            "value": null
        },
        "virtualMachines_AsiaVM_name": {
            "value": null
        },
        "virtualNetworks_VnetUK_name": {
            "value": null
        },
        "virtualNetworks_ASIAvnet_name": {
            "value": null
        },
        "networkInterfaces_ukvm876_name": {
            "value": null
        },
        "publicIPAddresses_UKVM_ip_name": {
            "value": null
        },
        "vaults_PKtijori1_name": {
            "value": null
        },
        "virtualMachines_USVMonprim_name": {
            "value": null
        },
        "virtualNetworks_PKRG1_vnet_name": {
            "value": null
        },
        "networkInterfaces_asiavm575_name": {
            "value": null
        },
        "publicIPAddresses_AsiaVM_ip_name": {
            "value": null
        },
        "connections_s2svpnconnection_name": {
            "value": null
        },
        "networkSecurityGroups_UKVM_nsg_name": {
            "value": null
        },
        "networkInterfaces_usvmonprim555_name": {
            "value": null
        },
        "publicIPAddresses_USVMonprim_ip_name": {
            "value": null
        },
        "networkSecurityGroups_AsiaVM_nsg_name": {
            "value": null
        },
        "publicIPAddresses_UKpuclicipauto_name": {
            "value": null
        },
        "networkSecurityGroups_USVMonprim_nsg_name": {
            "value": null
        },
        "virtualNetworkGateways_UKvnetgateways2s_name": {
            "value": null
        },
        "localNetworkGateways_uslocalnetworkgateway_name": {
            "value": null
        }
    }
}